City_ID,City,Country,Date,Lat,Lng,Max Temp,Humidity,Cloudiness,Wind Speed
0,Nishihara,JP,2022-10-01 18:44:37,26.1842,127.7558,78.85,86,40,5.75
1,Saint-Philippe,RE,2022-10-01 18:44:38,-21.3585,55.7679,67.59,78,44,11.72
2,Bar Harbor,US,2022-10-01 18:44:39,44.3876,-68.2039,62.53,72,0,6.91
3,La Ronge,CA,2022-10-01 18:44:39,55.1001,-105.2842,52.05,71,20,8.05
4,Lorengau,PG,2022-10-01 18:44:40,-2.0226,147.2712,80.94,79,21,10.07
5,Mosquera,CO,2022-10-01 18:43:00,4.7059,-74.2302,62.69,59,75,21.85
6,Nuuk,GL,2022-10-01 18:44:40,64.1835,-51.7216,36.21,93,75,8.05
7,Rikitea,PF,2022-10-01 18:44:40,-23.1203,-134.9692,73.6,73,34,12.8
8,Thompson,CA,2022-10-01 18:44:40,55.7435,-97.8558,48.36,46,0,6.91
9,Turukhansk,RU,2022-10-01 18:44:41,65.8167,87.9833,29.79,80,100,6.44
10,Chuy,UY,2022-10-01 18:44:41,-33.6971,-53.4616,63.14,66,8,9.62
11,Jacareacanga,BR,2022-10-01 18:44:41,-6.2222,-57.7528,99.39,29,100,4.63
12,Avarua,CK,2022-10-01 18:44:41,-21.2078,-159.775,73.45,49,100,5.75
13,Kruisfontein,ZA,2022-10-01 18:44:41,-34.0033,24.7314,58.89,80,99,2.37
14,Huarmey,PE,2022-10-01 18:44:42,-10.0681,-78.1522,69.04,70,16,12.24
15,Barentu,ER,2022-10-01 18:44:42,15.1139,37.5928,81.36,44,94,1.74
16,Poya,NC,2022-10-01 18:44:42,-21.35,165.15,65.88,76,67,1.52
17,Mahebourg,MU,2022-10-01 18:43:09,-20.4081,57.7,71.89,68,75,14.97
18,Ormara,PK,2022-10-01 18:44:43,25.2088,64.6357,79.9,80,11,11.54
19,Vulcan,RO,2022-10-01 18:40:41,45.3833,23.2667,54.99,94,100,2.17
20,Mataura,NZ,2022-10-01 18:44:43,-46.1927,168.8643,33.55,97,21,1.77
21,Albany,US,2022-10-01 18:44:43,42.6001,-73.9662,65.77,60,98,2.55
22,Klaksvik,FO,2022-10-01 18:44:44,62.2266,-6.589,50.92,88,100,20.29
23,Nador,MA,2022-10-01 18:44:44,35.174,-2.9287,71.85,64,20,10.36
24,Saint-Augustin,CA,2022-10-01 18:44:44,51.226,-58.6502,51.67,33,5,17.02
25,Ponta Do Sol,PT,2022-10-01 18:44:45,32.6667,-17.1,74.01,72,79,4.18
26,Kalmunai,LK,2022-10-01 18:44:45,7.4167,81.8167,81.0,69,100,6.4
27,Provideniya,RU,2022-10-01 18:44:45,64.3833,-173.3,38.37,84,81,17.52
28,Marzuq,YE,2022-10-01 18:44:45,14.4,46.4667,76.32,51,8,5.46
29,San Patricio,US,2022-10-01 18:44:45,28.017,-97.5169,87.75,29,0,9.8
30,Punta Arenas,CL,2022-10-01 18:41:41,-53.15,-70.9167,48.31,43,20,25.32
31,Cape Town,ZA,2022-10-01 18:41:15,-33.9258,18.4232,61.27,72,0,16.11
32,Torbay,CA,2022-10-01 18:44:46,47.6666,-52.7314,64.58,56,75,19.57
33,Nikolskoye,RU,2022-10-01 18:44:46,59.7035,30.7861,42.69,91,100,2.28
34,Jamestown,US,2022-10-01 18:44:46,42.097,-79.2353,61.02,52,0,14.97
35,Ushuaia,AR,2022-10-01 18:44:47,-54.8,-68.3,44.26,61,40,26.46
36,Carnarvon,AU,2022-10-01 18:40:31,-24.8667,113.6333,66.51,74,0,19.53
37,Sitrah,BH,2022-10-01 18:41:02,26.1547,50.6206,87.8,66,0,2.3
38,Kenai,US,2022-10-01 18:44:47,60.5544,-151.2583,46.09,93,0,9.22
39,Atuona,PF,2022-10-01 18:44:47,-9.8,-139.0333,76.26,76,18,16.06
40,Haapiti,PF,2022-10-01 18:44:48,-17.5667,-149.8667,80.33,69,0,7.61
41,Palana,RU,2022-10-01 18:44:48,59.1167,159.9667,35.83,93,100,5.68
42,Tyup,KG,2022-10-01 18:44:48,42.7276,78.3648,42.71,79,100,3.42
43,Kapaa,US,2022-10-01 18:44:48,22.0752,-159.319,81.48,89,20,5.75
44,Esperance,AU,2022-10-01 18:44:49,-33.8667,121.9,53.44,81,100,13.4
45,Magole,TZ,2022-10-01 18:44:49,-6.3667,37.3667,72.46,73,96,5.77
46,Kroya,ID,2022-10-01 18:42:50,-7.6331,109.2461,76.5,91,93,4.43
47,Moose Factory,CA,2022-10-01 18:45:50,51.2585,-80.6094,48.2,53,100,8.05
48,Paamiut,GL,2022-10-01 18:45:50,61.994,-49.6678,36.18,95,100,10.49
49,New Norfolk,AU,2022-10-01 18:45:50,-42.7826,147.0587,44.1,76,26,3.33
50,Castanhal,BR,2022-10-01 18:44:33,-1.2939,-47.9264,79.84,75,100,2.19
51,Russell,US,2022-10-01 18:45:51,32.3502,-85.1999,81.91,32,0,12.66
52,Samarai,PG,2022-10-01 18:45:52,-10.6167,150.6667,81.25,74,12,8.77
53,Bathsheba,BB,2022-10-01 18:45:52,13.2167,-59.5167,88.41,70,40,14.97
54,Batagay-Alyta,RU,2022-10-01 18:45:52,67.8006,130.4114,8.35,88,87,4.63
55,Aklavik,CA,2022-10-01 18:45:52,68.2191,-135.0107,31.75,97,100,12.57
56,Zalaegerszeg,HU,2022-10-01 18:45:12,46.84,16.8439,56.79,87,76,4.23
57,Amapa,BR,2022-10-01 18:45:53,1.0,-52.0,97.21,28,32,4.38
58,Lamar,US,2022-10-01 18:45:53,33.6668,-95.5836,84.97,28,0,3.44
59,Qaanaaq,GL,2022-10-01 18:45:53,77.484,-69.3632,9.84,73,0,6.24
60,Taoudenni,ML,2022-10-01 18:45:53,22.6783,-3.9836,93.63,15,1,7.9
61,Tongren,CN,2022-10-01 18:45:54,27.7172,109.1853,74.88,85,9,2.55
62,Tecoanapa,MX,2022-10-01 18:45:54,16.5167,-98.75,82.87,80,92,7.94
63,Khatanga,RU,2022-10-01 18:45:54,71.9667,102.5,28.36,96,100,13.67
64,Bluff,NZ,2022-10-01 18:45:54,-46.6,168.3333,39.76,88,79,7.31
65,Vaini,TO,2022-10-01 18:45:54,-21.2,-175.2,73.56,78,75,8.05
66,Bredasdorp,ZA,2022-10-01 18:45:14,-34.5322,20.0403,54.36,85,100,4.38
67,Mayo,US,2022-10-01 18:45:55,38.8876,-76.5119,65.17,92,100,5.75
68,Ust-Nera,RU,2022-10-01 18:45:55,64.5667,143.2,19.47,96,100,2.48
69,Tual,ID,2022-10-01 18:45:55,-5.6667,132.75,82.49,76,100,5.86
70,Cidreira,BR,2022-10-01 18:45:55,-30.1811,-50.2056,65.28,72,82,12.95
71,Dikson,RU,2022-10-01 18:45:56,73.5069,80.5464,33.71,99,100,15.66
72,Beloha,MG,2022-10-01 18:45:56,-25.1667,45.05,68.94,81,0,7.58
73,Santa Cruz Cabralia,BR,2022-10-01 18:45:56,-16.2781,-39.0247,75.43,78,75,9.22
74,Norman Wells,CA,2022-10-01 18:45:56,65.282,-126.8329,50.04,81,100,11.5
75,Ucluelet,CA,2022-10-01 18:45:56,48.9329,-125.5528,64.71,90,2,3.2
76,Zlitan,LY,2022-10-01 18:45:57,32.4674,14.5687,78.33,89,95,21.12
77,Irpa Irpa,BO,2022-10-01 18:45:57,-17.7167,-66.2667,82.4,19,3,6.17
78,Usakos,NA,2022-10-01 18:45:57,-22.0,15.6,74.03,29,2,5.35
79,Brigantine,US,2022-10-01 18:45:57,39.4101,-74.3646,65.01,95,100,13.8
80,La Palma,US,2022-10-01 18:45:57,33.8464,-118.0467,79.66,64,100,4.61
81,Airai,TL,2022-10-01 18:45:58,-8.9266,125.4092,60.87,92,100,0.85
82,Olinda,BR,2022-10-01 18:45:58,-8.0089,-34.8553,82.13,61,20,13.8
83,Hasaki,JP,2022-10-01 18:45:56,35.7333,140.8333,63.0,73,6,11.63
84,Gallup,US,2022-10-01 18:45:59,35.5281,-108.7426,70.56,37,0,3.0
85,Faanui,PF,2022-10-01 18:45:59,-16.4833,-151.75,77.77,70,15,9.17
86,Castro,BR,2022-10-01 18:45:59,-24.7911,-50.0119,68.85,70,53,6.69
87,Turkeve,HU,2022-10-01 18:45:59,47.1,20.75,62.65,89,100,10.92
88,Huallanca,PE,2022-10-01 18:46:00,-9.8993,-76.9417,54.61,59,95,9.95
89,Goderich,CA,2022-10-01 18:46:00,43.7501,-81.7165,67.91,55,100,10.36
90,Victoria,HK,2022-10-01 18:41:16,22.2855,114.1577,83.32,87,9,11.01
91,Barrow,US,2022-10-01 18:46:00,71.2906,-156.7887,28.42,74,100,13.8
92,Luang Prabang,LA,2022-10-01 18:46:00,19.8856,102.1347,71.83,100,100,0.89
93,Saint George,US,2022-10-01 18:46:01,37.1041,-113.5841,84.43,28,0,4.0
94,Kodiak,US,2022-10-01 18:47:01,57.79,-152.4072,40.51,87,100,5.75
95,Padang,ID,2022-10-01 18:47:01,-0.9492,100.3543,77.04,91,98,2.57
96,Villamartin,ES,2022-10-01 18:47:01,36.8598,-5.6449,73.35,43,5,6.93
97,Ribeira Grande,PT,2022-10-01 18:46:53,38.5167,-28.7,73.8,83,75,21.85
98,Lavrentiya,RU,2022-10-01 18:47:02,65.5833,-171.0,36.32,74,70,18.01
99,Aykhal,RU,2022-10-01 18:47:02,66.0,111.5,19.47,97,100,5.95
100,Porto Seguro,BR,2022-10-01 18:47:02,-16.4497,-39.0647,75.72,78,75,9.22
101,Kapuskasing,CA,2022-10-01 18:47:03,49.4169,-82.4331,48.29,57,40,6.91
102,Busselton,AU,2022-10-01 18:46:56,-33.65,115.3333,54.54,86,79,15.28
103,Kahului,US,2022-10-01 18:47:03,20.8947,-156.47,82.42,65,40,8.99
104,Ilulissat,GL,2022-10-01 18:47:03,69.2167,-51.1,35.62,69,20,4.61
105,Yellowknife,CA,2022-10-01 18:46:11,62.456,-114.3525,55.92,76,75,10.36
106,Hermanus,ZA,2022-10-01 18:42:53,-34.4187,19.2345,57.79,75,100,9.98
107,Madimba,TZ,2022-10-01 18:47:04,-10.4,40.3333,71.87,82,0,6.76
108,Pacific Grove,US,2022-10-01 18:45:07,36.6177,-121.9166,63.07,87,100,10.0
109,Jumla,NP,2022-10-01 18:47:04,29.2747,82.1838,55.96,91,94,1.36
110,Yuksekova,TR,2022-10-01 18:47:04,37.5736,44.2872,62.35,39,0,9.22
111,Puerto Ayora,EC,2022-10-01 18:47:05,-0.7393,-90.3518,73.36,92,98,5.01
112,Tiksi,RU,2022-10-01 18:47:05,71.6872,128.8694,16.88,91,99,11.97
113,Semirom,IR,2022-10-01 18:47:06,31.4167,51.5667,57.47,19,0,4.14
114,Parana,AR,2022-10-01 18:47:06,-31.732,-60.5238,81.55,31,0,3.33
115,Pali,IN,2022-10-01 18:47:06,25.7667,73.3333,79.9,59,0,10.22
116,Santa Isabel Do Rio Negro,BR,2022-10-01 18:47:06,-0.4139,-65.0192,89.04,55,100,1.07
117,Marsa Matruh,EG,2022-10-01 18:47:06,31.3525,27.2453,82.6,74,0,5.75
118,Ancud,CL,2022-10-01 18:47:07,-41.8697,-73.8203,56.17,53,100,2.28
119,Kamenka,RU,2022-10-01 18:47:07,51.3223,42.7678,59.25,91,100,9.53
120,Whitehorse,CA,2022-10-01 18:47:07,60.7161,-135.0538,44.82,86,75,16.11
121,Chokurdakh,RU,2022-10-01 18:47:07,70.6333,147.9167,22.06,94,100,4.0
122,Bethel,US,2022-10-01 18:47:07,41.3712,-73.414,60.89,55,100,12.66
123,Dover,US,2022-10-01 18:44:39,39.1582,-75.5244,66.99,79,100,11.5
124,Butaritari,KI,2022-10-01 18:47:08,3.0707,172.7902,81.7,75,100,15.14
125,Shimanovsk,RU,2022-10-01 18:47:08,52.0,127.7,40.12,67,100,7.54
126,Chifeng,CN,2022-10-01 18:47:08,42.2683,118.9636,56.28,93,100,4.27
127,Stephenville,US,2022-10-01 18:47:09,32.2207,-98.2023,84.87,26,0,6.91
128,Adrar,MR,2022-10-01 18:47:09,20.5022,-10.0711,87.37,21,0,6.53
129,Nyurba,RU,2022-10-01 18:47:10,63.2842,118.3319,23.22,85,80,3.02
130,Salym,RU,2022-10-01 18:47:10,60.0625,71.4789,26.37,80,78,4.83
131,Rongcheng,CN,2022-10-01 18:47:10,30.634,117.8517,79.47,70,1,3.94
132,Port Alfred,ZA,2022-10-01 18:47:10,-33.5906,26.891,62.85,73,11,0.11
133,Narsaq,GL,2022-10-01 18:47:11,60.9167,-46.05,39.42,94,100,3.85
134,Sur,OM,2022-10-01 18:43:35,22.5667,59.5289,81.45,76,5,14.54
135,Hobart,AU,2022-10-01 18:45:04,-42.8794,147.3294,44.46,87,20,5.75
136,Havelock,US,2022-10-01 18:47:11,34.8791,-76.9013,77.05,71,75,8.05
137,Bengkulu,ID,2022-10-01 18:47:11,-3.8004,102.2655,74.8,93,100,3.11
138,Srikakulam,IN,2022-10-01 18:47:12,18.3,83.9,78.03,86,100,5.95
139,Pangnirtung,CA,2022-10-01 18:47:12,66.1451,-65.7125,35.6,80,75,4.61
140,Mar Del Plata,AR,2022-10-01 18:47:12,-38.0023,-57.5575,68.02,54,0,11.5
141,Cherskiy,RU,2022-10-01 18:47:12,68.75,161.3,29.3,98,100,2.77
142,Lodja,CD,2022-10-01 18:47:14,-3.4833,23.4333,75.81,72,42,2.37
143,Port Elizabeth,ZA,2022-10-01 18:48:13,-33.918,25.5701,61.32,91,20,5.75
144,Srednekolymsk,RU,2022-10-01 18:48:13,67.45,153.6833,25.07,91,100,7.34
145,Vardo,NO,2022-10-01 18:48:13,70.3705,31.1107,37.38,81,100,2.3
146,Hilo,US,2022-10-01 18:48:13,19.7297,-155.09,86.29,58,0,4.61
147,Bandar,ID,2022-10-01 18:46:50,2.05,99.75,73.76,96,100,1.48
148,Broken Hill,AU,2022-10-01 18:48:15,-31.95,141.4333,54.61,66,0,9.91
149,Vila Velha,BR,2022-10-01 18:48:15,-20.3297,-40.2925,76.95,75,40,10.36
150,Los Llanos De Aridane,ES,2022-10-01 18:48:15,28.6585,-17.9182,69.55,75,75,13.8
151,Tasiilaq,GL,2022-10-01 18:48:15,65.6145,-37.6368,39.36,98,100,4.16
152,Arraial Do Cabo,BR,2022-10-01 18:48:16,-22.9661,-42.0278,75.16,68,0,18.41
153,Upata,VE,2022-10-01 18:48:16,8.0086,-62.3989,87.19,54,95,5.08
154,Wanaka,NZ,2022-10-01 18:45:00,-44.7,169.15,36.1,87,98,1.99
155,Marovoay,MG,2022-10-01 18:48:16,-16.1,46.6333,71.33,77,0,3.8
156,Kysyl-Syr,RU,2022-10-01 18:48:16,63.8986,122.7617,22.8,84,82,1.99
157,Salou,ES,2022-10-01 18:48:17,41.0766,1.1416,70.29,71,0,0.0
158,Itarema,BR,2022-10-01 18:48:17,-2.9248,-39.9167,83.05,60,49,19.33
159,Rio Grande,BR,2022-10-01 18:44:22,-32.035,-52.0986,64.51,79,17,13.09
160,Pitimbu,BR,2022-10-01 18:48:19,-7.4706,-34.8086,84.79,67,5,13.65
161,Eyl,SO,2022-10-01 18:48:19,7.9803,49.8164,76.62,79,4,18.68
162,Zholymbet,KZ,2022-10-01 18:48:19,51.7433,71.7122,30.96,58,5,6.55
163,San Lorenzo,PY,2022-10-01 18:48:19,-25.3333,-57.5333,79.74,44,20,9.22
164,Maniwaki,CA,2022-10-01 18:48:19,46.3834,-75.966,61.14,71,100,10.36
165,Amalapuram,IN,2022-10-01 18:45:32,16.5833,82.0167,74.1,99,100,3.02
166,Hithadhoo,MV,2022-10-01 18:47:35,-0.6,73.0833,81.61,72,99,13.33
167,East London,ZA,2022-10-01 18:48:20,-33.0153,27.9116,59.94,94,0,4.61
168,Tieli,CN,2022-10-01 18:48:21,46.95,128.05,47.62,85,95,6.67
169,Bam,IR,2022-10-01 18:43:45,29.106,58.357,80.15,13,0,6.53
170,Jorasti,RO,2022-10-01 18:48:21,45.9833,27.8667,70.48,45,100,8.59
171,Blind River,CA,2022-10-01 18:48:21,46.1834,-82.9582,62.71,61,23,10.63
172,Broome,US,2022-10-01 18:48:21,42.2506,-75.833,65.17,50,75,8.05
173,Chateau-Gontier,FR,2022-10-01 18:48:22,47.8333,-0.7,65.12,82,77,11.72
174,Tomatlan,MX,2022-10-01 18:48:22,19.9333,-105.25,76.05,95,100,1.99
175,Tocache,PE,2022-10-01 18:46:03,-8.1842,-76.5125,86.11,49,100,2.64
176,Kariba,ZW,2022-10-01 18:48:22,-16.5167,28.8,78.28,36,6,4.99
177,Eydhafushi,MV,2022-10-01 18:46:59,5.1033,73.0708,82.26,77,100,19.39
178,Bilma,NE,2022-10-01 18:48:23,18.6853,12.9164,96.62,18,10,7.16
179,Zaterechnyy,RU,2022-10-01 18:48:23,44.7931,45.2097,71.71,47,23,8.68
180,Mana,GF,2022-10-01 18:48:23,5.6592,-53.7767,84.56,70,89,11.39
181,Bambous Virieux,MU,2022-10-01 18:48:23,-20.3428,57.7575,71.85,68,75,14.97
182,Nanortalik,GL,2022-10-01 18:48:24,60.1432,-45.2371,40.84,77,53,2.3
183,Vao,NC,2022-10-01 18:48:24,-22.6667,167.4833,70.41,73,100,11.03
184,Bollnas,SE,2022-10-01 18:48:24,61.3482,16.3946,44.94,93,100,3.13
185,Alice Springs,AU,2022-10-01 18:49:24,-23.7,133.8833,62.15,42,100,5.75
186,Bulungu,CD,2022-10-01 18:49:24,-4.55,18.6,73.31,90,100,5.88
187,Guarapari,BR,2022-10-01 18:49:25,-20.6667,-40.4975,72.9,70,35,12.01
188,Cabaiguan,CU,2022-10-01 18:47:13,22.0789,-79.4992,85.01,62,77,6.11
189,Touros,BR,2022-10-01 18:49:25,-5.1989,-35.4608,80.96,65,20,17.74
190,Coihaique,CL,2022-10-01 18:49:25,-45.5752,-72.0662,58.95,33,0,4.61
191,Puerto Escondido,MX,2022-10-01 18:49:26,15.85,-97.0667,83.34,76,26,8.81
192,Amot,NO,2022-10-01 18:49:26,59.5714,7.9877,45.77,96,100,1.74
193,Jeremie,HT,2022-10-01 18:44:42,18.65,-74.1167,84.49,70,100,3.69
194,Newton,US,2022-10-01 18:49:27,42.337,-71.2092,58.17,80,100,10.36
195,Luena,AO,2022-10-01 18:49:27,-11.7833,19.9167,68.43,38,7,3.65
196,Chernyshevskiy,RU,2022-10-01 18:49:27,63.0128,112.4714,19.94,87,22,1.88
197,Batemans Bay,AU,2022-10-01 18:49:27,-35.7167,150.1833,50.61,89,96,2.91
198,Baykit,RU,2022-10-01 18:49:28,61.67,96.37,27.34,87,100,3.33
199,Muleba,TZ,2022-10-01 18:49:28,-1.8397,31.6544,70.34,68,9,5.66
200,Dromolaxia,CY,2022-10-01 18:49:28,34.8761,33.586,80.73,69,0,5.99
201,Moshenskoye,RU,2022-10-01 18:49:28,58.5102,34.5911,45.03,87,100,5.91
202,Rypefjord,NO,2022-10-01 18:49:28,70.6333,23.6667,36.07,80,26,5.75
203,Viedma,AR,2022-10-01 18:49:28,-40.8135,-62.9967,69.78,35,0,10.71
204,Clyde River,CA,2022-10-01 18:49:29,70.4692,-68.5914,32.23,74,100,13.8
205,Guerrero Negro,MX,2022-10-01 18:49:29,27.9769,-114.0611,74.61,62,2,13.8
206,Pevek,RU,2022-10-01 18:49:29,69.7008,170.3133,32.81,83,100,6.38
207,Varna,BG,2022-10-01 18:49:29,43.2167,27.9167,69.87,86,85,2.3
208,Anadyr,RU,2022-10-01 18:49:30,64.75,177.4833,32.5,80,20,2.24
209,Senanga,ZM,2022-10-01 18:49:30,-16.1167,23.2667,73.83,20,4,5.99
210,Longyearbyen,SJ,2022-10-01 18:49:11,78.2186,15.6401,35.44,100,75,5.75
211,Manicaragua,CU,2022-10-01 18:49:30,22.1494,-79.9736,86.45,61,89,4.52
212,Chapais,CA,2022-10-01 18:49:30,49.7834,-74.8492,42.58,53,99,9.73
213,Zyryanovsk,KZ,2022-10-01 18:49:31,49.7386,84.2719,25.63,68,1,1.66
214,Ruyigi,BI,2022-10-01 18:49:31,-3.45,30.3167,64.04,76,97,4.12
215,Kontagora,NG,2022-10-01 18:49:31,10.3999,5.4695,74.89,87,91,2.75
216,Rawson,AR,2022-10-01 18:49:31,-43.3002,-65.1023,57.72,43,10,13.31
217,Rock Sound,BS,2022-10-01 18:49:31,24.9,-76.2,82.08,76,10,11.79
218,Cabo San Lucas,MX,2022-10-01 18:49:32,22.8909,-109.9124,94.6,63,2,3.4
219,Tuktoyaktuk,CA,2022-10-01 18:49:32,69.4541,-133.0374,32.0,86,100,8.05
220,Belmonte,BR,2022-10-01 18:49:32,-15.8631,-38.8828,76.1,74,89,9.86
221,Bonga,ET,2022-10-01 18:49:32,7.2833,36.2333,58.19,98,16,1.83
222,Abu Zabad,SD,2022-10-01 18:47:02,12.35,29.25,74.82,71,100,4.99
223,Bud,US,2022-10-01 18:49:33,39.447,-86.1758,74.14,41,0,14.54
224,Borovoy,RU,2022-10-01 18:49:33,55.4333,86.0833,33.08,93,0,4.47
225,Leningradskiy,RU,2022-10-01 18:49:34,69.3833,178.4167,26.29,80,100,9.17
226,Sinnamary,GF,2022-10-01 18:49:34,5.3833,-52.95,84.88,69,14,11.68
227,Estevan,CA,2022-10-01 18:49:34,49.1334,-102.9842,53.94,49,63,15.82
228,Joshimath,IN,2022-10-01 18:49:34,30.5667,79.5667,61.39,85,75,2.13
229,Sistranda,NO,2022-10-01 18:49:34,63.7256,8.834,51.76,69,100,5.79
230,Machhlishahr,IN,2022-10-01 18:47:41,25.6833,82.4167,79.79,62,0,1.57
231,Lixourion,GR,2022-10-01 18:49:35,38.2019,20.4314,78.8,89,75,0.0
232,Methoni,GR,2022-10-01 18:50:35,36.8197,21.7049,80.22,81,18,7.4
233,Alice Town,BS,2022-10-01 18:50:36,25.7167,-79.3,79.75,77,6,10.51
234,Lichuan,CN,2022-10-01 18:50:36,30.3,108.85,64.24,95,47,3.83
235,Yarada,IN,2022-10-01 18:50:36,17.65,83.2667,77.32,94,75,4.61
236,Ballina,AU,2022-10-01 18:50:36,-28.8667,153.5667,55.44,99,100,10.02
237,Berlevag,NO,2022-10-01 18:50:37,70.8578,29.0864,40.95,81,100,8.05
238,Togur,RU,2022-10-01 18:50:37,58.3631,82.8265,27.5,88,93,2.71
239,Vengerovo,RU,2022-10-01 18:50:37,55.6848,76.7471,29.95,63,13,3.89
240,Kannad,IN,2022-10-01 18:47:30,20.2667,75.1333,72.84,81,1,4.68
241,Malakal,SS,2022-10-01 18:50:37,9.5334,31.6605,75.76,79,1,1.52
242,Biak,ID,2022-10-01 18:50:38,-0.9131,122.8766,75.63,85,100,0.69
243,Semey,KZ,2022-10-01 18:50:38,50.4111,80.2275,31.08,70,16,5.19
244,Seoul,KR,2022-10-01 18:50:36,37.5683,126.9778,65.64,91,75,3.44
245,Humaita,BR,2022-10-01 18:50:38,-7.5061,-63.0208,98.83,29,100,3.65
246,Hofn,IS,2022-10-01 18:50:38,64.2539,-15.2082,46.9,93,100,7.05
247,Empalme,MX,2022-10-01 18:50:39,27.9667,-110.8167,90.91,43,11,4.18
248,Dunedin,NZ,2022-10-01 18:46:59,-45.8742,170.5036,44.8,80,34,2.86
249,Sitka,US,2022-10-01 18:50:40,57.0531,-135.33,53.49,82,100,3.44
250,Dandong,CN,2022-10-01 18:50:40,40.1292,124.3947,63.59,94,100,2.15
251,Ossora,RU,2022-10-01 18:50:40,59.2353,163.0719,37.63,80,100,4.43
252,Krasnoarmeysk,RU,2022-10-01 18:50:41,51.0239,45.6969,58.48,80,100,7.18
253,Saldanha,ZA,2022-10-01 18:50:41,-33.0117,17.9442,59.05,80,25,15.05
254,Sisimiut,GL,2022-10-01 18:50:41,66.9395,-53.6735,34.32,96,100,15.61
255,Phalodi,IN,2022-10-01 18:47:35,27.1333,72.3667,86.77,31,33,10.8
256,Vestmannaeyjar,IS,2022-10-01 18:50:41,63.4427,-20.2734,47.84,90,100,27.49
257,Benghazi,LY,2022-10-01 18:50:42,32.1167,20.0667,86.47,50,0,4.34
258,San Andres,CO,2022-10-01 18:50:42,12.5847,-81.7006,87.82,70,75,5.75
259,Yeppoon,AU,2022-10-01 18:50:42,-23.1333,150.7333,60.58,83,52,4.79
260,Portobelo,PA,2022-10-01 18:50:42,9.55,-79.65,80.11,81,100,10.07
261,Xuddur,SO,2022-10-01 18:50:43,4.1213,43.8894,74.68,71,83,20.49
262,Salalah,OM,2022-10-01 18:50:43,17.0151,54.0924,78.03,84,40,6.06
263,Kerrville,US,2022-10-01 18:50:43,30.0474,-99.1403,86.52,39,0,3.44
264,Isiro,CD,2022-10-01 18:47:13,2.7739,27.616,67.62,99,100,1.41
265,Pemangkat,ID,2022-10-01 18:50:44,1.1667,108.9667,79.18,82,100,4.97
266,Warkworth,NZ,2022-10-01 18:50:45,-36.4,174.6667,58.48,95,20,5.1
267,Ust-Omchug,RU,2022-10-01 18:50:45,61.15,149.6333,14.56,95,100,3.87
268,Alihe,CN,2022-10-01 18:50:46,50.5667,123.7167,40.12,97,100,1.97
269,Qinzhou,CN,2022-10-01 18:50:47,21.95,108.6167,75.2,97,100,2.55
270,Salinas,US,2022-10-01 18:50:47,36.6777,-121.6555,63.48,81,100,9.22
271,Port Hardy,CA,2022-10-01 18:50:47,50.6996,-127.4199,50.18,100,100,3.44
272,San Luis,AR,2022-10-01 18:50:47,-33.295,-66.3356,78.75,19,87,5.32
273,Georgetown,MY,2022-10-01 18:50:47,5.4112,100.3354,78.73,87,40,3.44
274,Hobyo,SO,2022-10-01 18:50:48,5.3505,48.5268,76.55,87,89,22.01
275,Kota Kinabalu,MY,2022-10-01 18:48:51,5.9749,116.0724,76.98,88,20,5.01
276,Hami,CN,2022-10-01 18:51:48,42.8,93.45,45.1,20,100,15.68
277,Tiarei,PF,2022-10-01 18:51:48,-17.5333,-149.3333,80.62,70,5,8.28
278,San Jeronimo,PE,2022-10-01 18:51:48,-11.9472,-75.2829,56.59,60,99,6.96
279,Juegang,CN,2022-10-01 18:51:49,32.3174,121.1855,74.91,95,51,12.64
280,Ketchikan,US,2022-10-01 18:51:49,55.3422,-131.6461,55.87,94,100,16.11
281,Akdepe,TM,2022-10-01 18:51:49,42.0551,59.3788,57.29,20,100,14.03
282,Okhotsk,RU,2022-10-01 18:51:49,59.3833,143.3,32.92,62,11,11.03
283,Kloulklubed,PW,2022-10-01 18:51:49,7.0419,134.2556,84.13,70,97,10.71
284,Amahai,ID,2022-10-01 18:51:50,-3.3333,128.9167,77.58,86,91,2.62
285,Palanga,LT,2022-10-01 18:51:50,55.9175,21.0686,51.82,82,0,6.91
286,Fortuna,US,2022-10-01 18:51:50,40.5982,-124.1573,55.74,42,100,5.55
287,Kaitangata,NZ,2022-10-01 18:51:50,-46.2817,169.8464,37.0,90,14,1.81
288,Avon Park,US,2022-10-01 18:51:51,27.5959,-81.5062,82.15,59,100,2.59
289,Campo Verde,BR,2022-10-01 18:51:51,-20.4167,-54.0667,85.91,46,44,3.91
290,Port Blair,IN,2022-10-01 18:51:51,11.6667,92.75,82.44,83,75,11.5
291,Santiago Del Estero,AR,2022-10-01 18:51:51,-27.7951,-64.2615,87.17,20,0,10.22
292,Kieta,PG,2022-10-01 18:51:51,-6.2167,155.6333,77.67,82,6,0.87
293,Flin Flon,CA,2022-10-01 18:51:52,54.7682,-101.865,49.84,71,100,5.75
294,Kolokani,ML,2022-10-01 18:48:54,13.5728,-8.0339,81.72,62,70,3.8
295,Ogaminana,NG,2022-10-01 18:51:52,7.5946,6.2248,74.55,93,99,5.91
296,Kavieng,PG,2022-10-01 18:51:52,-2.5744,150.7967,80.71,80,9,12.24
297,Tarakan,ID,2022-10-01 18:51:52,3.3,117.6333,79.02,82,100,4.45
298,Isangel,VU,2022-10-01 18:51:53,-19.55,169.2667,75.25,88,21,0.94
299,Lebu,CL,2022-10-01 18:51:53,-37.6167,-73.65,57.04,68,0,12.3
300,Kandrian,PG,2022-10-01 18:51:53,-6.2167,149.55,75.43,92,80,5.46
301,Kalmar,SE,2022-10-01 18:51:53,56.6616,16.3616,51.73,89,40,4.61
302,Upernavik,GL,2022-10-01 18:51:53,72.7868,-56.1549,22.69,85,23,4.83
303,Lata,PT,2022-10-01 18:51:54,40.1629,-8.3327,62.24,57,71,2.39
304,Geraldton,AU,2022-10-01 18:47:08,-28.7667,114.6,52.21,93,29,5.75
305,San Jeronimito,MX,2022-10-01 18:51:54,17.55,-101.3333,85.8,66,81,4.72
306,Buala,SB,2022-10-01 18:51:54,-8.145,159.5921,79.16,81,47,4.07
307,Montes Claros,BR,2022-10-01 18:51:54,-16.735,-43.8617,92.98,24,40,4.61
308,Qujing,CN,2022-10-01 18:51:55,25.4833,103.7833,60.22,94,90,4.21
309,Boyolangu,ID,2022-10-01 18:51:55,-8.1181,111.8935,75.42,94,98,3.44
310,Tautira,PF,2022-10-01 18:51:55,-17.7333,-149.15,76.69,71,1,8.61
311,Miraflores,MX,2022-10-01 18:51:56,19.2167,-98.8083,70.03,39,95,3.85
312,Imbituba,BR,2022-10-01 18:51:56,-28.24,-48.6703,68.0,73,19,9.26
313,Biryusinsk,RU,2022-10-01 18:51:56,55.9634,97.8235,27.79,98,99,6.22
314,Cayenne,GF,2022-10-01 18:51:56,4.9333,-52.3333,89.64,58,0,17.27
315,Souillac,MU,2022-10-01 18:51:56,-20.5167,57.5167,71.98,68,75,14.97
316,Buraydah,SA,2022-10-01 18:51:57,26.326,43.975,84.65,14,0,10.8
317,Yurla,RU,2022-10-01 18:51:57,59.3259,54.3223,42.19,87,100,7.07
318,Antofagasta,CL,2022-10-01 18:51:57,-23.65,-70.4,60.08,62,7,8.43
319,Saint-Francois,FR,2022-10-01 18:51:57,46.4154,3.9054,65.64,82,100,8.05
320,Arroio Grande,BR,2022-10-01 18:51:58,-32.2375,-53.0869,64.92,68,84,8.19
321,College,US,2022-10-01 18:51:58,64.8569,-147.8028,50.2,89,75,4.61
322,Kijang,KR,2022-10-01 18:52:58,35.2442,129.2139,65.93,58,90,2.08
323,Kasama,ZM,2022-10-01 18:52:59,-10.2129,31.1808,72.79,27,15,7.34
324,Kutum,SD,2022-10-01 18:52:59,14.2,24.6667,85.69,19,60,6.98
325,Kaduna,NG,2022-10-01 18:52:59,10.5222,7.4383,74.23,82,95,4.52
326,Abu Kamal,SY,2022-10-01 18:53:00,34.4506,40.9171,83.84,17,0,7.9
327,Hengshui,CN,2022-10-01 18:53:00,37.7322,115.7011,65.14,95,100,9.31
328,Pemberton,CA,2022-10-01 18:53:00,50.3164,-122.8027,69.49,42,7,0.31
329,Babushkin,RU,2022-10-01 18:53:00,51.7122,105.8647,32.41,74,81,16.22
330,Granada,ES,2022-10-01 18:53:01,37.25,-3.25,62.29,35,5,6.64
331,Grindavik,IS,2022-10-01 18:48:42,63.8424,-22.4338,48.15,93,100,24.16
332,Grand Gaube,MU,2022-10-01 18:53:01,-20.0064,57.6608,72.0,71,14,3.0
333,Carutapera,BR,2022-10-01 18:53:01,-1.195,-46.02,84.85,65,100,11.5
334,Yar-Sale,RU,2022-10-01 18:53:01,66.8333,70.8333,32.49,72,99,13.8
335,Krasnoselkup,RU,2022-10-01 18:53:02,65.7,82.4667,28.29,81,100,9.84
336,Ribeirao,BR,2022-10-01 18:53:02,-8.5144,-35.3778,78.64,61,6,10.29
337,Oranjemund,NA,2022-10-01 18:50:03,-28.55,16.4333,57.25,89,6,7.94
338,Chiang Klang,TH,2022-10-01 18:53:02,19.2938,100.8617,73.58,99,100,1.34
339,Sulangan,PH,2022-10-01 18:53:02,11.1373,123.7228,82.76,77,37,10.63
340,Kiunga,PG,2022-10-01 18:53:03,-6.1219,141.2906,72.86,100,100,2.82
341,Tazovskiy,RU,2022-10-01 18:53:03,67.4667,78.7,30.27,73,100,11.95
342,Bereda,ES,2022-10-01 18:53:03,43.2686,-7.5406,61.14,89,24,2.33
343,Cabedelo,BR,2022-10-01 18:53:03,-6.9811,-34.8339,84.87,68,40,15.57
344,Balikpapan,ID,2022-10-01 18:53:04,-1.2675,116.8289,77.99,94,75,2.3
345,Tsevie,TG,2022-10-01 18:53:04,6.4261,1.2133,77.88,91,96,5.99
346,Sola,VU,2022-10-01 18:53:05,-13.8833,167.55,79.75,77,17,10.02
347,Meadow Lake,US,2022-10-01 18:53:05,34.8014,-106.5436,79.3,33,0,7.85
348,Vostok,RU,2022-10-01 18:53:05,46.4856,135.8833,38.82,95,50,3.91
349,Elat,IL,2022-10-01 18:53:05,29.5581,34.9482,93.04,24,0,11.5
350,Sangar,RU,2022-10-01 18:53:05,63.9242,127.4739,19.81,89,71,2.06
351,Karratha,AU,2022-10-01 18:53:06,-20.7377,116.8463,72.25,81,0,14.16
352,Dhanwar,IN,2022-10-01 18:52:20,24.4167,85.9833,80.02,72,99,6.04
353,The Pas,CA,2022-10-01 18:53:06,53.8251,-101.2541,55.42,47,0,8.05
354,Iqaluit,CA,2022-10-01 18:53:06,63.7506,-68.5145,33.53,69,75,26.46
355,Roald,NO,2022-10-01 18:53:06,62.5833,6.1333,55.17,93,75,0.0
356,Vanimo,PG,2022-10-01 18:53:07,-2.6741,141.3028,76.53,90,68,4.43
357,Key West,US,2022-10-01 18:53:07,24.5557,-81.7826,84.0,66,21,8.99
358,Burayevo,RU,2022-10-01 18:53:07,55.8407,55.4083,44.82,67,94,12.68
359,Ca Mau,VN,2022-10-01 18:53:07,9.1769,105.15,76.69,93,100,1.59
360,Ostrovnoy,RU,2022-10-01 18:53:07,68.0531,39.5131,36.52,97,100,10.42
361,Fairbanks,US,2022-10-01 18:53:08,64.8378,-147.7164,49.23,89,100,4.61
362,Avera,US,2022-10-01 18:53:08,33.194,-82.5271,76.51,42,73,7.38
363,Necochea,AR,2022-10-01 18:53:08,-38.5473,-58.7368,70.84,45,70,5.55
364,Cary,US,2022-10-01 18:53:08,35.7915,-78.7811,64.87,85,96,3.0
365,Moussoro,TD,2022-10-01 18:53:08,13.6408,16.4901,96.53,20,10,4.43
366,Hamilton,US,2022-10-01 18:53:08,39.1834,-84.5333,75.25,41,1,7.0
367,Ambon,ID,2022-10-01 18:53:09,-3.6954,128.1814,75.34,94,40,5.75
368,Pocone,BR,2022-10-01 18:53:09,-16.2567,-56.6228,97.9,31,100,1.41
369,Nome,US,2022-10-01 18:54:09,64.5011,-165.4064,31.15,87,2,5.7
370,Porto Walter,BR,2022-10-01 18:54:09,-8.2686,-72.7439,96.58,32,52,3.18
371,Weligama,LK,2022-10-01 18:54:10,5.9667,80.4167,78.93,84,90,14.56
372,Mbini,GQ,2022-10-01 18:54:10,1.574,9.6134,76.51,87,100,7.09
373,Porangatu,BR,2022-10-01 18:54:10,-13.4408,-49.1486,101.64,17,32,4.92
374,Khash,IR,2022-10-01 18:54:11,28.2211,61.2158,70.54,16,0,8.46
375,Bubaque,GW,2022-10-01 18:54:11,11.2833,-15.8333,81.45,76,63,11.97
376,San Quintin,MX,2022-10-01 18:54:11,30.4833,-115.95,71.6,65,0,11.16
377,Franklin,US,2022-10-01 18:54:12,39.9667,-83.0166,66.11,56,0,14.97
378,Kosh-Agach,RU,2022-10-01 18:54:12,50.0,88.6667,16.47,47,2,1.25
379,Vila,PT,2022-10-01 18:53:00,42.0304,-8.1588,57.7,75,100,1.52
380,Muskogee,US,2022-10-01 18:54:12,35.5834,-95.3336,85.35,27,50,3.85
381,Paracatu,BR,2022-10-01 18:54:13,-17.2222,-46.8747,91.42,30,24,1.5
382,Hun,LY,2022-10-01 18:54:13,29.1268,15.9477,92.28,15,0,9.86
383,Aldan,RU,2022-10-01 18:54:13,58.6031,125.3894,31.96,98,100,5.68
384,Severo-Kurilsk,RU,2022-10-01 18:54:13,50.6789,156.125,44.91,82,100,14.52
385,Byron Bay,AU,2022-10-01 18:54:13,-28.65,153.6167,55.36,88,100,11.5
386,Vila Franca Do Campo,PT,2022-10-01 18:54:14,37.7167,-25.4333,72.01,80,82,11.27
387,Coquimbo,CL,2022-10-01 18:54:14,-29.9533,-71.3436,60.53,77,40,4.61
388,Maraba,BR,2022-10-01 18:54:14,-5.3686,-49.1178,100.58,28,20,8.05
389,Emmett,US,2022-10-01 18:54:14,43.8735,-116.4993,70.63,49,5,1.01
390,Yanam,IN,2022-10-01 18:54:15,16.7333,82.2167,73.99,99,100,4.76
391,Tura,IN,2022-10-01 18:54:15,25.5198,90.2201,75.16,93,81,3.27
392,Hohoe,GH,2022-10-01 18:54:15,7.1518,0.4736,74.1,94,95,3.87
393,Namibe,AO,2022-10-01 18:54:15,-15.1961,12.1522,68.63,88,100,12.66
394,Bang Krathum,TH,2022-10-01 18:54:15,16.5783,100.3003,74.91,98,100,3.56
395,Czechowice-Dziedzice,PL,2022-10-01 18:54:15,49.9134,19.0048,53.87,83,100,14.97
396,Baza,ES,2022-10-01 18:54:16,37.4907,-2.7726,66.42,45,5,8.01
397,Beatrice,US,2022-10-01 18:54:16,40.2681,-96.747,79.18,27,0,10.36
398,Merke,KZ,2022-10-01 18:54:16,42.8728,73.1786,45.93,37,5,3.6
399,Ayan,RU,2022-10-01 18:54:16,56.45,138.1667,36.23,56,100,9.82
400,Kavaratti,IN,2022-10-01 18:54:17,10.5669,72.642,81.41,76,97,16.37
401,Pedernales,DO,2022-10-01 18:54:17,18.0384,-71.744,84.88,67,100,11.07
402,Hambantota,LK,2022-10-01 18:52:37,6.1241,81.1185,79.14,89,40,10.36
403,Saskylakh,RU,2022-10-01 18:54:18,71.9167,114.0833,31.75,98,100,9.04
404,Codrington,AU,2022-10-01 18:54:18,-38.2667,141.9667,44.01,88,0,5.23
405,Tres Lagoas,BR,2022-10-01 18:54:19,-20.7511,-51.6783,87.91,41,2,6.4
406,Lewisporte,CA,2022-10-01 18:54:19,49.2499,-55.0482,64.11,81,100,13.09
407,Kawalu,ID,2022-10-01 18:54:19,-7.3817,108.2082,73.2,98,100,1.45
408,Katherine,AU,2022-10-01 18:54:19,-14.4667,132.2667,75.52,69,100,8.05
409,Katsuura,JP,2022-10-01 18:53:53,35.1333,140.3,69.98,83,9,11.03
410,Altay,CN,2022-10-01 18:54:20,47.8667,88.1167,26.53,39,0,5.03
411,Qostanay,KZ,2022-10-01 18:54:20,53.1667,63.5833,39.49,41,0,6.71
412,Caravelas,BR,2022-10-01 18:54:20,-17.7125,-39.2481,74.84,65,86,8.28
413,Dingle,PH,2022-10-01 18:54:20,10.9995,122.6711,76.1,93,28,6.49
414,Atherton,GB,2022-10-01 18:54:20,53.5237,-2.4935,57.42,86,10,9.86
415,Songea,TZ,2022-10-01 18:55:21,-10.6833,35.65,64.83,55,0,2.33
416,Kinel-Cherkassy,RU,2022-10-01 18:55:21,53.4706,51.4743,51.69,76,79,4.27
417,Batangafo,CF,2022-10-01 18:55:21,7.3008,18.2833,72.93,93,97,3.24
418,Port-Gentil,GA,2022-10-01 18:55:21,-0.7193,8.7815,76.96,88,40,5.75
419,Lazaro Cardenas,MX,2022-10-01 18:55:21,17.9583,-102.2,83.03,78,100,5.03
420,Rochegda,RU,2022-10-01 18:55:22,62.8,43.25,43.83,92,100,2.33
421,Kjollefjord,NO,2022-10-01 18:55:22,70.9457,27.3465,42.85,93,100,0.0
422,Casa Grande,US,2022-10-01 18:55:22,32.8795,-111.7573,92.79,34,39,5.01
423,Dharmadam,IN,2022-10-01 18:55:22,11.7833,75.4333,75.83,88,100,4.18
424,Tikapur,NP,2022-10-01 18:55:23,28.5,81.1333,74.91,76,0,3.96
425,Pecos,US,2022-10-01 18:55:23,31.4229,-103.4932,86.09,23,0,4.61
426,Haines Junction,CA,2022-10-01 18:55:23,60.7522,-137.5108,42.75,87,38,8.05
427,Sao Filipe,CV,2022-10-01 18:55:24,14.8961,-24.4956,79.25,78,20,11.36
428,Constitucion,CL,2022-10-01 18:55:24,-35.3333,-72.4167,63.48,65,18,2.37
429,Zhigansk,RU,2022-10-01 18:55:24,66.7697,123.3711,24.69,80,99,1.74
430,Pacifica,US,2022-10-01 18:55:24,37.6138,-122.4869,73.62,86,40,18.01
431,Biloela,AU,2022-10-01 18:55:25,-24.4167,150.5,61.93,84,65,2.35
432,Diepholz,DE,2022-10-01 18:55:25,52.6,8.3667,55.18,87,8,11.88
433,Altamont,US,2022-10-01 18:55:25,42.2068,-121.7372,67.89,44,1,3.0
434,Karatau,KZ,2022-10-01 18:55:25,43.1667,70.4667,40.17,27,0,5.19
435,Bacungan,PH,2022-10-01 18:55:25,9.9106,118.7022,78.85,94,20,6.91
436,Kitami,JP,2022-10-01 18:55:26,43.8031,143.8908,54.5,95,100,6.93
437,Puerto Del Rosario,ES,2022-10-01 18:55:26,28.5004,-13.8627,73.15,78,75,20.71
438,Stornoway,GB,2022-10-01 18:55:26,58.2093,-6.3865,51.76,90,75,10.36
439,Toora-Khem,RU,2022-10-01 18:55:27,52.4675,96.11,15.89,78,24,3.42
440,Cochrane,CA,2022-10-01 18:55:27,51.1834,-114.4687,67.75,54,0,3.44
441,Flic En Flac,MU,2022-10-01 18:55:27,-20.2742,57.3631,72.16,66,76,12.59
442,Khorixas,NA,2022-10-01 18:55:27,-20.3667,14.9667,75.69,24,4,7.78
443,Altamira,BR,2022-10-01 18:52:23,-3.2033,-52.2064,91.49,55,40,8.05
444,Etchoropo,MX,2022-10-01 18:55:28,26.7667,-109.6667,94.41,51,0,6.58
445,Rio Gallegos,AR,2022-10-01 18:55:28,-51.6226,-69.2181,51.85,24,20,19.57
446,Arlit,NE,2022-10-01 18:55:28,18.7369,7.3853,90.64,30,100,12.26
447,Trinidad,BO,2022-10-01 18:55:28,-14.8333,-64.9,93.18,40,20,3.44
448,Champerico,GT,2022-10-01 18:55:28,14.3,-91.9167,90.14,69,22,5.1
449,Constantine,DZ,2022-10-01 18:55:29,36.365,6.6147,63.81,72,20,8.05
450,Yerbogachen,RU,2022-10-01 18:55:29,61.2767,108.0108,25.61,81,89,4.21
451,Havoysund,NO,2022-10-01 18:55:29,70.9963,24.6622,43.03,69,25,8.9
452,Chivilcoy,AR,2022-10-01 18:55:29,-34.8957,-60.0167,79.03,22,100,4.09
453,Novikovo,RU,2022-10-01 18:55:29,51.1537,37.8879,61.93,78,100,9.44
454,Santa Maria,BR,2022-10-01 18:55:30,-29.6842,-53.8069,70.9,53,75,5.75
455,Liberty,US,2022-10-01 18:55:30,31.8335,-81.5004,84.27,41,0,13.8
456,Limbe,CM,2022-10-01 18:55:30,4.0242,9.2149,76.82,89,100,7.29
457,Buzmeyin,TM,2022-10-01 18:55:30,38.0507,58.2056,65.93,30,20,0.0
458,Oktyabrskiy,RU,2022-10-01 18:55:30,54.4815,53.471,46.45,60,62,8.01
459,Laukaa,RU,2022-10-01 18:55:31,58.7372,29.8453,42.96,87,100,2.39
460,Huntsville,US,2022-10-01 18:55:31,34.7304,-86.5861,79.45,42,0,9.22
461,Kirakira,SB,2022-10-01 18:55:31,-10.4544,161.9205,78.03,83,91,4.79
462,Sao Joao Da Barra,BR,2022-10-01 18:56:31,-21.6403,-41.0511,75.29,71,85,13.73
463,Kudeyevskiy,RU,2022-10-01 18:56:32,54.8758,56.7567,44.04,72,100,6.53
464,Tuatapere,NZ,2022-10-01 18:56:32,-46.1333,167.6833,35.46,94,45,3.85
465,Mecca,SA,2022-10-01 18:56:33,21.4267,39.8261,84.4,57,0,0.94
466,Birjand,IR,2022-10-01 18:56:33,32.8663,59.2211,66.67,22,0,9.22
467,Ano Mera,GR,2022-10-01 18:56:33,37.45,25.4,79.54,57,0,9.15
468,Sibolga,ID,2022-10-01 18:56:33,1.7427,98.7792,76.12,93,100,2.42
469,Gap,FR,2022-10-01 18:56:34,44.6667,6.0,39.83,91,100,5.08
470,Shieli,KZ,2022-10-01 18:56:34,44.1667,66.75,47.14,23,0,20.42
471,Perelyub,RU,2022-10-01 18:56:34,51.8667,50.3667,61.25,52,91,10.11
472,Pisco,PE,2022-10-01 18:56:34,-13.7,-76.2167,68.05,60,0,8.05
473,Mogadishu,SO,2022-10-01 18:56:34,2.0371,45.3438,77.0,84,94,18.32
474,Lerwick,GB,2022-10-01 18:56:35,60.1545,-1.1494,53.6,86,44,20.07
475,San Juan,AR,2022-10-01 18:56:35,-31.5375,-68.5364,79.93,19,0,5.46
476,Luderitz,NA,2022-10-01 18:56:35,-26.6481,15.1594,59.59,77,0,10.27
477,Cozumel,MX,2022-10-01 18:56:35,20.5083,-86.9458,86.07,64,20,6.91
478,Palimbang,PH,2022-10-01 18:52:16,6.2106,124.1894,78.28,84,56,3.87
479,Taybad,IR,2022-10-01 18:56:36,34.74,60.7756,65.28,21,0,19.06
480,Santa Maria Del Oro,MX,2022-10-01 18:56:01,25.9333,-105.3667,78.15,33,6,7.87
481,Acapulco,MX,2022-10-01 18:56:36,16.8634,-99.8901,84.04,73,27,5.99
482,Beringovskiy,RU,2022-10-01 18:56:36,63.05,179.3167,40.8,86,100,23.42
483,Lompoc,US,2022-10-01 18:56:36,34.6391,-120.4579,76.01,83,100,5.75
484,Elko,US,2022-10-01 18:56:37,41.0002,-115.5012,63.73,37,31,3.0
485,Calama,CL,2022-10-01 18:53:31,-22.4667,-68.9333,73.89,4,0,21.85
486,Pitsunda,GE,2022-10-01 18:56:37,43.1592,40.3378,64.58,67,23,3.56
487,Choix,MX,2022-10-01 18:56:37,26.7092,-108.3219,92.61,34,0,3.58
488,Salinopolis,BR,2022-10-01 18:56:37,-0.6136,-47.3561,83.41,70,69,13.58
489,Ituango,CO,2022-10-01 18:56:38,7.1712,-75.764,71.91,77,100,1.77
490,Tateyama,JP,2022-10-01 18:56:38,34.9833,139.8667,70.11,82,28,10.13
491,Marienburg,PL,2022-10-01 18:56:38,54.0359,19.0266,54.88,76,100,11.74
492,Kibre Mengist,ET,2022-10-01 18:56:38,5.8833,38.9833,61.12,85,95,2.51
493,Ouallam,NE,2022-10-01 18:56:38,14.3188,2.0866,90.99,42,54,10.65
494,Ahar,IR,2022-10-01 18:56:39,38.4774,47.0699,56.34,49,0,4.41
495,Boralday,KZ,2022-10-01 18:56:39,43.3578,76.8594,35.46,38,40,2.24
496,Vermilion,US,2022-10-01 18:56:40,40.1667,-87.7506,74.55,34,0,14.0
497,Dryden,CA,2022-10-01 18:56:40,49.7833,-92.7503,48.49,87,100,8.05
498,Peniche,PT,2022-10-01 18:56:40,39.3558,-9.3811,69.3,68,99,13.04
499,Oranzherei,RU,2022-10-01 18:56:40,45.8476,47.5663,67.71,68,40,8.5
500,Staryy Nadym,RU,2022-10-01 18:56:40,65.6118,72.6842,30.06,66,100,13.09
501,Magadan,RU,2022-10-01 18:56:41,59.5667,150.8,32.25,59,100,7.81
502,San Cristobal,VE,2022-10-01 18:56:42,7.7669,-72.225,84.38,51,36,10.11
503,Sept-Iles,CA,2022-10-01 18:56:42,50.2001,-66.3821,53.06,45,20,12.66
504,Waw,SS,2022-10-01 18:56:42,7.7029,27.9953,76.95,73,5,1.45
505,Zhezkazgan,KZ,2022-10-01 18:56:43,47.8043,67.7144,37.06,30,0,10.18
506,Kilkenny,IE,2022-10-01 18:56:43,52.6542,-7.2522,57.72,85,100,4.0
507,Ahipara,NZ,2022-10-01 18:57:43,-35.1667,173.1667,59.02,94,99,6.96
508,Teguldet,RU,2022-10-01 18:57:43,57.3064,88.1667,25.79,94,31,3.29
509,Honningsvag,NO,2022-10-01 18:57:44,70.9821,25.9704,42.55,70,100,8.05
510,Manyoni,TZ,2022-10-01 18:57:44,-5.7467,34.8382,70.16,54,7,9.86
511,Kilindoni,TZ,2022-10-01 18:57:44,-7.9139,39.6668,75.0,74,0,9.93
512,Peterhead,GB,2022-10-01 18:57:44,57.5058,-1.7981,52.45,76,9,12.5
513,Kalga,RU,2022-10-01 18:57:44,50.9251,118.898,34.43,79,56,7.56
514,Fuerte Olimpo,PY,2022-10-01 18:57:45,-21.0415,-57.8738,89.47,38,41,5.55
515,Boa Vista,BR,2022-10-01 18:57:45,2.8197,-60.6733,94.98,36,40,5.75
516,Myskhako,RU,2022-10-01 18:57:45,44.6714,37.7433,64.18,75,99,4.29
517,Rocha,UY,2022-10-01 18:57:45,-34.4833,-54.3333,63.37,61,44,8.88
518,Kresek,ID,2022-10-01 18:57:46,-6.1314,106.3797,81.55,79,82,2.82
519,Tursunzoda,TJ,2022-10-01 18:57:46,38.5144,68.2333,66.6,30,10,4.9
520,Samana,DO,2022-10-01 18:57:46,19.2056,-69.3369,88.02,74,75,9.22
521,Palauig,PH,2022-10-01 18:57:46,15.435,119.9045,79.63,77,7,3.36
522,Samarskoye,RU,2022-10-01 18:57:46,46.9336,39.6814,72.84,73,100,2.75
523,Praia Da Vitoria,PT,2022-10-01 18:57:47,38.7333,-27.0667,73.76,78,20,17.36
524,Fereydun Kenar,IR,2022-10-01 18:57:47,36.6864,52.5225,73.96,68,0,9.4
525,Saint Anthony,US,2022-10-01 18:57:47,45.0205,-93.218,71.65,53,68,4.0
526,Sulzbach-Rosenberg,DE,2022-10-01 18:57:47,49.4983,11.7517,54.39,96,100,12.17
527,Jizan,SA,2022-10-01 18:57:47,17.3333,42.6667,88.74,55,0,5.21
528,Teya,RU,2022-10-01 18:57:48,60.3778,92.6267,26.78,95,100,2.62
529,Hongjiang,CN,2022-10-01 18:57:48,27.11,109.9956,74.16,92,22,3.78
530,Rosa Zarate,EC,2022-10-01 18:57:48,0.3333,-79.4667,92.25,44,87,2.08
531,Atasu,KZ,2022-10-01 18:57:49,48.6814,71.6433,33.75,38,0,7.81
532,Maniitsoq,GL,2022-10-01 18:53:37,65.4167,-52.9,35.01,84,99,5.66
533,Svetlogorsk,BY,2022-10-01 18:57:50,52.6333,29.7333,52.47,85,100,3.76
534,Mendeleyevo,RU,2022-10-01 18:57:50,56.0333,37.2167,56.98,94,75,8.95
535,Tucurui,BR,2022-10-01 18:57:51,-3.7661,-49.6725,94.77,34,100,1.48
536,Helena,US,2022-10-01 18:57:51,46.5927,-112.0361,52.32,93,100,5.01
537,Flinders,AU,2022-10-01 18:57:52,-34.5833,150.8552,51.19,92,43,3.0
538,Berdigestyakh,RU,2022-10-01 18:57:52,62.0989,126.6992,23.32,70,100,5.06
539,Makakilo City,US,2022-10-01 18:57:52,21.3469,-158.0858,81.99,70,6,7.78
540,Sambava,MG,2022-10-01 18:57:53,-14.2667,50.1667,69.13,80,10,9.6
541,Tabas,IR,2022-10-01 18:57:53,33.5959,56.9244,79.92,17,0,5.01
542,Marrakesh,MA,2022-10-01 18:57:54,31.6315,-8.0083,82.47,32,40,12.66
543,Male,MV,2022-10-01 18:55:02,4.1748,73.5089,82.35,89,75,16.11
544,Chara,RU,2022-10-01 18:57:55,56.9064,118.2631,27.68,82,100,6.58
545,Sabya,SA,2022-10-01 18:57:56,17.1495,42.6254,89.22,58,1,5.75
546,Strezhevoy,RU,2022-10-01 18:57:56,60.7333,77.5889,26.87,84,28,4.72
547,Najran,SA,2022-10-01 18:57:57,17.4924,44.1277,77.65,16,0,3.67
548,Gouyave,GD,2022-10-01 18:58:57,12.1646,-61.7296,86.77,74,20,20.71
549,Rodding,DK,2022-10-01 18:58:57,55.3657,9.0632,55.6,87,2,9.22
550,Nova Lima,BR,2022-10-01 18:58:57,-19.9856,-43.8467,86.34,48,75,4.61
551,Tuni,IN,2022-10-01 18:58:57,17.35,82.55,76.89,92,100,5.5
552,Platteville,US,2022-10-01 18:58:58,42.7342,-90.4785,69.51,34,0,4.61
553,Atar,MR,2022-10-01 18:58:58,20.5169,-13.0499,87.15,23,0,9.55
554,Taltal,CL,2022-10-01 18:58:58,-25.4,-70.4833,64.06,64,24,6.87
555,Novovarshavka,RU,2022-10-01 18:58:59,54.1721,74.6946,31.91,71,13,3.56
556,Marang,MY,2022-10-01 18:58:59,5.2056,103.2059,78.71,85,100,7.25
557,Camacha,PT,2022-10-01 18:58:59,33.0833,-16.3333,69.22,68,40,14.97
558,Rockport,US,2022-10-01 18:58:59,28.0206,-97.0544,84.24,45,0,9.22
559,Bodden Town,KY,2022-10-01 18:59:00,19.2833,-81.25,87.8,58,20,11.5
560,Caxito,AO,2022-10-01 18:59:00,-8.5785,13.6643,77.13,79,15,7.2
561,Talnakh,RU,2022-10-01 18:59:00,69.4865,88.3972,29.21,97,100,5.41
562,Tayoltita,MX,2022-10-01 18:59:00,24.0833,-105.9333,84.56,44,92,5.41
563,Nizhniy Kuranakh,RU,2022-10-01 18:59:00,58.8353,125.4869,33.04,98,100,2.57
564,Cowra,AU,2022-10-01 18:59:01,-33.8333,148.6833,41.99,92,32,4.61
565,Richards Bay,ZA,2022-10-01 18:59:01,-28.783,32.0377,70.36,82,100,14.85
566,Kaeo,NZ,2022-10-01 18:59:01,-35.1,173.7833,61.32,97,90,6.55
567,Khani,GE,2022-10-01 18:59:01,41.9563,42.9566,53.17,66,5,4.79
568,Liverpool,GB,2022-10-01 18:59:01,53.4106,-2.9779,57.81,81,40,10.36
569,Topchikha,RU,2022-10-01 18:59:02,52.8192,83.1185,28.78,87,14,4.27
570,Las Vegas,US,2022-10-01 18:59:02,36.175,-115.1372,88.27,21,0,4.0
